--****************************************SQL INSERT INTO statements****************************************

--Inserting data into Owner Table
INSERT INTO [TAR.Owner] VALUES
('W000000001','Individual','Phillip F.','Sperry','2405491341','phillip.sperry@gmail.com','1303 E Matlock Rd','Hyatsville','MD','20781'),
('W000000002','Individual','Stacey','Wiegleb','2026027598','wiegleb91@yahoo.com','2309 E Arden Dr','Hyatsville','MD','20783'),
('W000000003','Individual','Susan','Wannamaker','2027251919','wannamaker@gmail.com','924 S Hawthorne Dr','Hyatsville','MD','20782'),
('W000000004','Individual','Tahera','Sammander','2027252316','sammander.tahera@yahoo.com','3660 Longview Ave','Hyatsville','MD','20781'),
('W000000005','Individual','Tamara','Pollack','2027254286','tamera.pollack@gmail.com','940 S Clarizz Blvd 25','Hyatsville','MD','20781'),
('W000000006','Individual','Thomas','Robbin','2404795442','thomas.robbin@gmail.com','222 E Ohio St Ste 510','Gaithersburg','MD','20877'),
('W000000007','Individual','Allan F.','Thornton','2404815498','allan.thornton@gmail.com','9740 27th Bay Street','Norfolk','VA','23518'),
('W000000008','Individual','Haichuan','Yang','2404954777','haichuan.yang@gmail.com','910 N Park Ridge Court','Hyatsville','MD','20781'),
('W000000009','Individual','Yaqoob','Rana','2405939958','yaqoob.rana@gmail.com','11461 Crocus Court','Plymouth','IN','46563'),
('W000000010','Individual','Mandy','Yates','2406089871','mandy.yates@gmail.com','412 E University St','Hyatsville','MD','20785'),
('W000000011','Individual','Solomon L.','Lowenstein','2406103707','solomon.lowenstein@gmail.com','1006 W 10th Street','Hyatsville','MD','20781'),
('W000000012','Individual','Mary','Starts','3013269192','mary.starts@gmail.com','2712 SOlcott Boulevard','Hyatsville','MD','20785'),
('W000000013','Individual','Maria','Wilhelmus','9291341781','maria.wilhelmus@gmail.com','11635 Clay Center Rd','Adelphi','MD','20783'),
('W000000014','Individual','Jeannette','Smedberg','9717808900','jeannette.smedberg@gmail.com','517 Colony Court','Hyatsville','MD','20785'),
('W000000015','Corporate','Capital Square, Llc','','2407889000','rentals.capital@yahoo.com','PO Box 313','Greenbelt','MD','20768'),
('W000000016','Corporate','Elkins Properties, Llc','','3019334333','elkin.md@gmail.com','8197 S Strain Ridge Road','Hyatsville','MD','20781'),
('W000000017','Corporate','University Properties','','2408099090','university.properties@gmail.com','2015 N Dunn St','Hyatsville','MD','20782'),
('W000000018','Corporate','Campus Cribs, Llc','','3013648976','campus.cribs@gmail.com','1575 Linda Lane','Hyatsville','MD','20781'),
('W000000019','Corporate','College Rentals Inc.','','2407899070','college.rentals@cr.com','3330 Dundee Road Suite C4','Bethesda','MD','20889'),
('W000000020','Corporate','Stadium Crossing, Llc','','3018903456','stadium.crossing@gmail.com','2015 N Dunn St','Hyatsville','MD','20781');

--Inserting data into Unit Table
INSERT INTO [TAR.Unit] VALUES
('U000000001','Family Home','1973-11-02','5','3','3500','1750','505','505 N Fess AVE','Hyattsville','MD','20781','1.7','W000000001'),
('U000000002','Apartment','1975-11-10','1','1','890','600','185','414 S Mitchell ST','Adelphi','MD','20783','1.3','W000000019'),
('U000000003','Apartment','1986-10-28','4','3','2450','1545','2','8124 49th Ave','Hyattsville','MD','20781','1.7','W000000017'),
('U000000004','Apartment','1975-11-10','1','1','890','600','285','414 S Mitchell ST','Adelphi','MD','20783','1.3','W000000019'),
('U000000005','Family Home','1975-11-10','6','5','5600','3200','1234','1234 Tulane Drive','Adelphi','MD','20783','1.3','W000000003'),
('U000000006','Apartment','1986-10-28','4','3','2450','1545','24','8124 49th Ave','Hyattsville','MD','20781','1.7','W000000017'),
('U000000007','Apartment','1975-11-10','1','1','890','600','111','8124 49th Ave','Hyattsville','MD','20781','1.7','W000000017'),
('U000000008','Apartment','1986-10-28','4','3','2450','1545','26','8124 49th Ave','Hyattsville','MD','20781','1.7','W000000017'),
('U000000009','Family Home','1975-11-10','4','2','2000','1600','4567','4567 49th Ave','Adelphi','MD','20783','1.3','W000000004'),
('U000000010','Family Home','1975-11-10','5','3','3500','1700','789','789 18th Ave','Adelphi','MD','20783','1.3','W000000005'),
('U000000011','Apartment','1975-11-10','1','1','890','600','975','414 S Mitchell ST','Adelphi','MD','20783','1.3','W000000019'),
('U000000012','Apartment','1975-11-10','1','1','890','600','777','414 S Mitchell ST','Adelphi','MD','20783','1.3','W000000019'),
('U000000013','Family Home','1986-08-12','5','3','4400','2000','924','924 S Hawthorne DR','Silver Spring','MD','20902','3.3','W000000003'),
('U000000014','Apartment','1986-10-28','4','3','2450','1545','385','414 S Mitchell ST','Adelphi','MD','20783','1.3','W000000019'),
('U000000015','Apartment','1986-10-28','4','3','2450','1545','250','8124 49th Ave','Hyattsville','MD','20781','1.7','W000000017'),
('U000000016','Apartment','1986-10-28','4','3','2450','1545','3','8124 49th Ave','Hyattsville','MD','20781','1.7','W000000017'),
('U000000017','Apartment','1986-10-28','4','3','2450','1545','211','8124 49th Ave','Hyattsville','MD','20781','1.7','W000000017'),
('U000000018','Apartment','1986-10-28','4','3','2450','1545','311','8124 49th Ave','Hyattsville','MD','20781','1.7','W000000017'),
('U000000019','Family Home','1986-10-28','4','3','2450','1545','6','6 Hedwig Ave','Hyattsville','MD','20781','1.7','W000000004'),
('U000000020','Apartment','1986-10-28','4','3','2450','1545','485','414 S Mitchell ST','Adelphi','MD','20783','1.3','W000000019'),
('U000000021','Apartment','1986-10-28','4','3','2450','1545','8','8124 49th Ave','Hyattsville','MD','20781','1.7','W000000017'),
('U000000022','Apartment','1986-10-28','4','3','2450','1545','87','8124 49th Ave','Hyattsville','MD','20781','1.7','W000000017'),
('U000000023','Apartment','1986-10-28','4','3','2450','1545','585','414 S Mitchell ST','Adelphi','MD','20783','1.3','W000000019'),
('U000000024','Apartment','1986-10-28','4','3','2450','1545','240','8124 49th Ave','Hyattsville','MD','20781','1.7','W000000017'),
('U000000025','Apartment','1988-09-17','5','3','3500','1750','685','414 S Mitchell ST','Adelphi','MD','20783','1.3','W000000019'),
('U000000026','Family Home','1989-02-01','5','3','3500','1750','1008','1008 W 10th ST','Capitol Heights','MD','20790','3.4','W000000011'),
('U000000027','Apartment','1989-09-26','3','1','1800','1200','411','8124 49th Ave','Hyattsville','MD','20781','1.7','W000000017'),
('U000000028','Apartment','1986-10-28','4','3','2450','1545','808','8124 49th Ave','Hyattsville','MD','20781','1.7','W000000017'),
('U000000029','Apartment','1986-10-28','4','3','2450','1545','8008','8124 49th Ave','Hyattsville','MD','20781','1.7','W000000017'),
('U000000030','Townhouse','1989-12-11','5','2','3400','1780','1275','1275 McKeldin ST','Adelphi','MD','20783','1.3','W000000006'),
('U000000031','Apartment','1986-10-28','4','3','2450','1545','909','8124 49th Ave','Hyattsville','MD','20781','1.7','W000000017'),
('U000000032','Apartment','1989-12-11','2','1','1350','789','1475','414 S Mitchell ST','Adelphi','MD','20783','1.3','W000000019'),
('U000000033','Apartment','1975-11-10','1','1','890','600','888','414 S Mitchell ST','Adelphi','MD','20783','1.3','W000000019'),
('U000000034','Townhouse','1989-12-11','4','2','2400','1890','5678','5678 Adele ST','Adelphi','MD','20783','1.3','W000000007'),
('U000000035','Apartment','1975-11-10','1','1','890','600','999','414 S Mitchell ST','Adelphi','MD','20783','1.3','W000000019'),
('U000000036','Apartment','1989-12-11','2','1','1350','789','1875','414 S Mitchell ST','Adelphi','MD','20783','1.3','W000000019'),
('U000000037','Apartment','1989-12-11','2','1','1350','789','511','8124 49th Ave','Hyattsville','MD','20781','1.7','W000000017'),
('U000000038','Apartment','1992-03-18','4','4','4400','2000','611','8124 49th Ave','Hyattsville','MD','20781','1.7','W000000017'),
('U000000039','Apartment','1992-03-18','4','4','4400','2000','711','8124 49th Ave','Hyattsville','MD','20781','1.7','W000000017'),
('U000000040','Apartment','1992-03-18','4','4','4400','2000','811','8124 49th Ave','Hyattsville','MD','20781','1.7','W000000017'),
('U000000041','Townhouse','1992-03-18','4','4','4500','2000','19','19 Buffalo Ave','Lanham','MD','20703','4.1','W000000010'),
('U000000042','Apartment','1992-03-18','4','4','4400','2000','911','8124 49th Ave','Hyattsville','MD','20781','1.7','W000000017'),
('U000000043','Apartment','1992-03-18','4','4','4400','2000','1989','414 S Mitchell ST','Adelphi','MD','20783','1.3','W000000019'),
('U000000044','Apartment','1986-10-28','4','3','2450','1545','707','8124 49th Ave','Hyattsville','MD','20781','1.7','W000000017'),
('U000000045','Apartment','1986-10-28','4','3','2450','1545','606','8124 49th Ave','Hyattsville','MD','20781','1.7','W000000017'),
('U000000046','Apartment','1992-08-28','3','3','3200','1700','1011','8124 49th Ave','Hyattsville','MD','20781','1.7','W000000017'),
('U000000047','Apartment','1986-10-28','4','3','2450','1545','1012','8124 49th Ave','Hyattsville','MD','20781','1.7','W000000017'),
('U000000048','Apartment','1986-10-28','4','3','2450','1545','1013','8124 49th Ave','Hyattsville','MD','20781','1.7','W000000017'),
('U000000049','Apartment','1986-10-28','4','3','2450','1545','1014','8124 49th Ave','Hyattsville','MD','20781','1.7','W000000017'),
('U000000050','Apartment','1992-08-28','3','3','3200','1700','1890','414 S Mitchell ST','Adelphi','MD','20783','1.3','W000000019'),
('U000000051','Apartment','1992-08-28','3','3','3200','1700','1891','414 S Mitchell ST','Adelphi','MD','20783','1.3','W000000019'),
('U000000052','Apartment','1992-08-28','3','3','3200','1700','1892','414 S Mitchell ST','Adelphi','MD','20783','1.3','W000000019'),
('U000000053','Apartment','1994-12-15','5','3','4400','2000','1111','8124 49th Ave','Hyattsville','MD','20781','1.7','W000000017'),
('U000000054','Apartment','1975-11-10','1','1','890','600','1199','414 S Mitchell ST','Adelphi','MD','20783','1.3','W000000019'),
('U000000055','Apartment','1996-04-19','2','1','2400','800','121','396 E Varsity LN','College Park','MD','20740','0.9','W000000020'),
('U000000056','Apartment','1996-04-19','2','1','2400','800','122','396 E Varsity LN','College Park','MD','20740','0.9','W000000020'),
('U000000057','Apartment','1996-04-19','2','1','2400','800','1211','8124 49th Ave','Hyattsville','MD','20781','1.7','W000000017'),
('U000000058','Apartment','1986-10-28','4','3','2450','1545','236','8124 49th Ave','Hyattsville','MD','20781','1.7','W000000017'),
('U000000059','Apartment','1996-04-19','2','1','2400','800','125','396 E Varsity LN','College Park','MD','20740','0.9','W000000020'),
('U000000060','Family Home','1996-04-19','6','3','4800','3000','126','126 S Varsity LN','College Park','MD','20740','0.9','W000000010'),
('U000000061','Apartment','1975-11-10','1','1','890','600','8787','414 S Mitchell ST','Adelphi','MD','20783','1.3','W000000019'),
('U000000062','Apartment','1996-04-19','2','1','2400','800','128','396 E Varsity LN','College Park','MD','20740','0.9','W000000020'),
('U000000063','Apartment','1996-04-19','2','1','2400','800','129','396 E Varsity LN','College Park','MD','20740','0.9','W000000020'),
('U000000064','Apartment','1996-04-19','2','1','2400','800','1893','414 S Mitchell ST','Adelphi','MD','20783','1.3','W000000019'),
('U000000065','Apartment','1986-10-28','4','3','2450','1545','558','8124 49th Ave','Hyattsville','MD','20781','1.7','W000000017'),
('U000000066','Apartment','1986-10-28','4','3','2450','1545','560','8124 49th Ave','Hyattsville','MD','20781','1.7','W000000017'),
('U000000067','Apartment','1975-11-10','1','1','890','600','767','414 S Mitchell ST','Adelphi','MD','20783','1.3','W000000019'),
('U000000068','Apartment','1996-04-19','2','1','2400','800','3456','396 E Varsity LN','College Park','MD','20740','0.9','W000000020'),
('U000000069','Apartment','1975-11-10','1','1','890','600','867','414 S Mitchell ST','Adelphi','MD','20783','1.3','W000000019'),
('U000000070','Apartment','1997-07-29','2','2','1000','1099','1311','8124 49th Ave','Hyattsville','MD','20781','1.7','W000000017'),
('U000000071','Apartment','1997-07-29','2','2','1000','1099','17','1447 W Allen ST','Greenbelt','MD','20706','2.1','W000000018'),
('U000000072','Apartment','1997-07-29','2','2','1000','1099','18','1447 W Allen ST','Greenbelt','MD','20706','2.1','W000000018'),
('U000000073','Apartment','1997-07-29','2','2','1000','1099','19','1447 W Allen ST','Greenbelt','MD','20706','2.1','W000000018'),
('U000000074','Apartment','1997-07-29','2','2','1000','1099','20','1447 W Allen ST','Greenbelt','MD','20706','2.1','W000000018'),
('U000000075','Apartment','1997-07-29','3','2','1500','1465','21','1447 W Allen ST','Greenbelt','MD','20706','2.1','W000000018'),
('U000000076','Apartment','1997-07-29','3','2','1500','1465','1894','414 S Mitchell ST','Adelphi','MD','20783','1.3','W000000019'),
('U000000077','Apartment','1986-10-28','4','3','2450','1545','1211','8124 49th Ave','Hyattsville','MD','20781','1.7','W000000017'),
('U000000078','Apartment','1986-10-28','4','3','2450','1545','1213','8124 49th Ave','Hyattsville','MD','20781','1.7','W000000017'),
('U000000079','Apartment','1986-10-28','4','3','2450','1545','1215','8124 49th Ave','Hyattsville','MD','20781','1.7','W000000017'),
('U000000080','Apartment','1986-10-28','4','3','2450','1545','1217','8124 49th Ave','Hyattsville','MD','20781','1.7','W000000017'),
('U000000081','Apartment','1986-10-28','4','3','2450','1545','1219','8124 49th Ave','Hyattsville','MD','20781','1.7','W000000017'),
('U000000082','Apartment','1997-07-29','3','2','1500','1465','1895','414 S Mitchell ST','Adelphi','MD','20783','1.3','W000000019'),
('U000000083','Apartment','1996-04-19','2','1','2400','800','1233','396 E Varsity LN','College Park','MD','20740','0.9','W000000020'),
('U000000084','Apartment','1997-09-09','3','2','3200','1400','270','1447 W Allen ST','Greenbelt','MD','20706','2.1','W000000018'),
('U000000085','Apartment','1997-09-09','3','2','3200','1400','370','1447 W Allen ST','Greenbelt','MD','20706','2.1','W000000018'),
('U000000086','Apartment','1997-09-09','3','2','3200','1400','470','1447 W Allen ST','Greenbelt','MD','20706','2.1','W000000018'),
('U000000087','Apartment','1986-10-28','4','3','2450','1545','134','8124 49th Ave','Hyattsville','MD','20781','1.7','W000000017'),
('U000000088','Apartment','1997-09-09','3','2','3200','1400','135','396 E Varsity LN','College Park','MD','20740','0.9','W000000020'),
('U000000089','Family Home','1997-09-09','5','2','3200','1600','226','226 W Varsity LN','College Park','MD','20740','0.9','W000000010'),
('U000000090','Apartment','1986-10-28','4','3','2450','1545','1450','8124 49th Ave','Hyattsville','MD','20781','1.7','W000000017'),
('U000000091','Apartment','1986-10-28','4','3','2450','1545','1451','8124 49th Ave','Hyattsville','MD','20781','1.7','W000000017'),
('U000000092','Apartment','1986-10-28','4','3','2450','1545','1452','8124 49th Ave','Hyattsville','MD','20781','1.7','W000000017'),
('U000000093','Apartment','1986-10-28','4','3','2450','1545','1453','8124 49th Ave','Hyattsville','MD','20781','1.7','W000000017'),
('U000000094','Apartment','1999-04-01','5','3','3500','1750','1896','414 S Mitchell ST','Adelphi','MD','20783','1.3','W000000019'),
('U000000095','Apartment','1999-04-10','4','4','4800','1800','990','1447 W Allen ST','Greenbelt','MD','20706','2.1','W000000018'),
('U000000096','Apartment','1999-04-10','4','4','4800','1800','1090','1447 W Allen ST','Greenbelt','MD','20706','2.1','W000000018'),
('U000000097','Apartment','1999-04-10','4','4','4800','1800','1190','1447 W Allen ST','Greenbelt','MD','20706','2.1','W000000018'),
('U000000098','Apartment','1999-04-10','4','4','4800','1800','1290','1447 W Allen ST','Greenbelt','MD','20706','2.1','W000000018'),
('U000000099','Apartment','1986-10-28','4','3','2450','1545','1561','8124 49th Ave','Hyattsville','MD','20781','1.7','W000000017'),
('U000000100','Apartment','1996-04-19','2','1','2400','800','7890','396 E Varsity LN','College Park','MD','20740','0.9','W000000020');

--Inserting data into Amenity Table
INSERT INTO [TAR.Amenity] VALUES 
('M000000001','Air Conditioning'),
('M000000002','Ceiling Fans'),
('M000000003','Hardwood Flooring'),
('M000000004','Carpeted Flooring'),
('M000000005','Dishwasher'),
('M000000006','Garbage Disposal'),
('M000000007','Gas Range'),
('M000000008','Refrigerator'),
('M000000009','Elevator'),
('M000000010','Laundry Facility'),
('M000000011','Playground'),
('M000000012','Balcony'),
('M000000013','Swimming Pool'),
('M000000014','Oversized Closets'),
('M000000015','High Speed Internet Access'),
('M000000016','On Site Maintenance'),
('M000000017','Emergency Maintenance'),
('M000000018','Smoke Free'),
('M000000019','Campus Shuttle'),
('M000000020','Pets Allowed'),
('M000000021','Fitness Center'),
('M000000022','Parking'),
('M000000023','Patio'),
('M000000024','Deck'),
('M000000025','Utilities Included'),
('M000000026','Furnished');

--Inserting data into Agent Table
INSERT INTO [TAR.Agent] VALUES
('A000000001','Junior Agent','Quentin','Birkner','9527027993','qbirkner@aol.com'),
('A000000002','Senior Agent','Regenia','Kannady','4807261280','regenia.kannady@cox.net'),
('A000000003','Junior Agent','Sheron','Louissant','7189768610','sheron@aol.com'),
('A000000004','Manager','Izetta','Funnell','7708443447','izetta.funnell@hotmail.com'),
('A000000005','Junior Agent','Rodolfo','Butzen','5072103510','rodolfo@hotmail.com'),
('A000000006','Junior Agent','Zona','Colla','2034611949','zona@hotmail.com'),
('A000000007','Senior Agent','Serina','Zagen','2602733725','szagen@aol.com'),
('A000000008','Manager','Paz','Sahagun','6019278287','paz_sahagun@cox.net'),
('A000000009','Senior Agent','Markus','Lukasik','5869707380','markus@yahoo.com'),
('A000000010','Senior Agent','Jaclyn','Bachman','7198533600','jaclyn@aol.com'),
('A000000011','Senior Manager','Cyril','Daufeldt','2127458484','cyril_daufeldt@daufeldt.com'),
('A000000012','Junior Agent','Gayla','Schnitzler','5106863407','gschnitzler@gmail.com'),
('A000000013','Junior Agent','Erick','Nievas','7737049903','erick_nievas@aol.com'),
('A000000014','Senior Agent','Jennie','Drymon','5702184831','jennie@cox.net'),
('A000000015','Senior Agent','Mitsue','Scipione','5309869272','mscipione@scipione.com'),
('A000000016','Manager','Ciara','Ventura','8458238877','cventura@yahoo.com'),
('A000000017','Junior Agent','Galen','Cantres','2166006111','galen@yahoo.com'),
('A000000018','Manager','Truman','Feichtner','9738522736','tfeichtner@yahoo.com'),
('A000000019','CEO','Gail','Kitty','9074359166','gail@kitty.com'),
('A000000020','Senior Agent','Dalene','Schoeneck','2152681275','dalene@schoeneck.org'),
('A000000021','Managing Director','Gertude','Witten','5139777043','gertude.witten@gmail.com'),
('A000000022','Junior Agent','Lizbeth','Kohl','3106991222','lizbeth@yahoo.com'),
('A000000023','Junior Agent','Glenn','Berray','5153707348','gberray@gmail.com'),
('A000000024','Junior Agent','Lashandra','Klang','6108091818','lashandra@yahoo.com'),
('A000000025','Junior Agent','Lenna','Newville','9196232524','lnewville@newville.com'),
('A000000026','Manager','Laurel','Pagliuca','5096955199','laurel@yahoo.com'),
('A000000027','Senior Agent','Mireya','Frerking','9148685965','mireya.frerking@hotmail.com'),
('A000000028','Junior Agent','Annelle','Tagala','4107571035','annelle@yahoo.com'),
('A000000029','Senior Manager','Dean','Ketelsen','5168474418','dean_ketelsen@gmail.com'),
('A000000030','Manager','Levi','Munis','5084564907','levi.munis@gmail.com'),
('A000000031','Managing Director','Kaitlyn','Ogg','4106654903','kaitlyn.ogg@gmail.com'),
('A000000032','Junior Agent','Sherita','Saras','7196691664','sherita.saras@cox.net'),
('A000000033','Manager','Lashawnda','Stuer','4195888719','lstuer@cox.net'),
('A000000034','Senior Agent','Ernest','Syrop','3019989644','ernest@cox.net'),
('A000000035','Junior Agent','Nobuko','Halsey','5088559887','nobuko.halsey@yahoo.com'),
('A000000036','Junior Agent','Lavonna','Wolny','7034831970','lavonna.wolny@hotmail.com'),
('A000000037','Senior Agent','Lashaunda','Lizama','4106782473','llizama@cox.net'),
('A000000038','Manager','Mariann','Bilden','5122234791','mariann.bilden@aol.com'),
('A000000039','Junior Agent','Helene','Rodenberger','6234618551','helene@aol.com'),
('A000000040','Junior Agent','Roselle','Estell','4195715920','roselle.estell@hotmail.com'),
('A000000041','Senior Agent','Samira','Heintzman','2063114137','sheintzman@hotmail.com'),
('A000000042','Junior Agent','Margart','Meisel','5136172362','margart_meisel@yahoo.com'),
('A000000043','Senior Agent','Kristofer','Bennick','8123681511','kristofer.bennick@yahoo.com'),
('A000000044','Manager','Weldon','Acuff','8473532156','wacuff@gmail.com'),
('A000000045','Senior Manager','Shalon','Shadrick','7182322337','shalon@cox.net'),
('A000000046','Senior Agent','Denise','Patak','4074464358','denise@patak.org'),
('A000000047','Junior Agent','Louvenia','Beech','3108202117','louvenia.beech@beech.com'),
('A000000048','Junior Agent','Audry','Yaw','8137974816','audry.yaw@yaw.org'),
('A000000049','Junior Agent','Kristel','Ehmann','9154521290','kristel.ehmann@aol.com'),
('A000000050','Senior Agent','Vincenza','Zepp','6196035125','vzepp@gmail.com'),
('A000000051','Senior Agent','Elouise','Gwalthney','3018415012','egwalthney@yahoo.com'),
('A000000052','Manager','Venita','Maillard','7145236653','venita_maillard@gmail.com'),
('A000000053','Junior Agent','Kasandra','Semidey','3147329131','kasandra_semidey@semidey.com'),
('A000000054','Junior Agent','Xochitl','Discipio','5122331831','xdiscipio@gmail.com'),
('A000000055','Senior Manager','Maile','Linahan','3366702640','mlinahan@yahoo.com'),
('A000000056','Junior Agent','Krissy','Rauser','6314434710','krauser@cox.net'),
('A000000057','Senior Agent','Pete','Dubaldi','2018252514','pdubaldi@hotmail.com'),
('A000000058','Senior Manager','Linn','Paa','9014124381','linn_paa@paa.com'),
('A000000059','Junior Agent','Paris','Wide','4045054445','paris@hotmail.com'),
('A000000060','Junior Agent','Wynell','Dorshorst','6504731262','wynell_dorshorst@dorshorst.org');

--Inserting data into Client Table
INSERT INTO [TAR.Client] VALUES
('T000000001','Cordelia','Storment','3375666001','cordelia_storment@aol.com','A000000010'),
('T000000002','Mollie','Mcdoniel','4199753182','mollie_mcdoniel@yahoo.com','A000000034'),
('T000000003','Brett','Mccullan','6194619984','brett.mccullan@mccullan.com','A000000054'),
('T000000004','Teddy','Pedrozo','2038923863','teddy_pedrozo@aol.com','A000000036'),
('T000000005','Tasia','Andreason','2019209002','tasia_andreason@yahoo.com','A000000046'),
('T000000006','Hubert','Walthall','3309031345','hubert@walthall.org','A000000046'),
('T000000007','Arthur','Farrow','2012385688','arthur.farrow@yahoo.com','A000000044'),
('T000000008','Vilma','Berlanga','6167373085','vberlanga@berlanga.com','A000000044'),
('T000000009','Billye','Miro','6015675386','billye_miro@cox.net','A000000044'),
('T000000010','Glenna','Slayton','9016409178','glenna_slayton@cox.net','A000000044'),
('T000000011','Mitzie','Hudnall','3034021940','mitzie_hudnall@yahoo.com','A000000060'),
('T000000012','Bernardine','Rodefer','9019014726','bernardine_rodefer@yahoo.com','A000000034'),
('T000000013','Staci','Schmaltz','6268662339','staci_schmaltz@aol.com','A000000034'),
('T000000014','Nichelle','Meteer','7732259985','nichelle_meteer@meteer.com','A000000054'),
('T000000015','Janine','Rhoden','7182285894','jrhoden@yahoo.com','A000000010'),
('T000000016','Ettie','Hoopengardner','5097555393','ettie.hoopengardner@hotmail.com','A000000049'),
('T000000017','Eden','Jayson','4108907866','eden_jayson@yahoo.com','A000000049'),
('T000000018','Lynelle','Auber','9738608610','lynelle_auber@gmail.com','A000000060'),
('T000000019','Merissa','Tomblin','5625796900','merissa.tomblin@gmail.com','A000000046'),
('T000000020','Golda','Kaniecki','7326289909','golda_kaniecki@yahoo.com','A000000036'),
('T000000021','Catarina','Gleich','9732103994','catarina_gleich@hotmail.com','A000000014'),
('T000000022','Virgie','Kiel','3037767548','vkiel@hotmail.com','A000000055'),
('T000000023','Jolene','Ostolaza','7576827116','jolene@yahoo.com','A000000034'),
('T000000024','Keneth','Borgman','6029194211','keneth@yahoo.com','A000000034'),
('T000000025','Rikki','Nayar','3059689487','rikki@nayar.com','A000000049'),
('T000000026','Elke','Sengbusch','6028962993','elke_sengbusch@yahoo.com','A000000058'),
('T000000027','Hoa','Sarao','3865267800','hoa@sarao.org','A000000046'),
('T000000028','Trinidad','Mcrae','4153319634','trinidad_mcrae@yahoo.com','A000000024'),
('T000000029','Mari','Lueckenbach','8587939684','mari_lueckenbach@yahoo.com','A000000025'),
('T000000030','Selma','Husser','2019918369','selma.husser@cox.net','A000000028'),
('T000000031','Antione','Onofrio','9094307765','aonofrio@onofrio.com','A000000032'),
('T000000032','Luisa','Jurney','6173652134','ljurney@hotmail.com','A000000014'),
('T000000033','Clorinda','Heimann','7602915497','clorinda.heimann@hotmail.com','A000000033'),
('T000000034','Dick','Wenzinger','3105109713','dick@yahoo.com','A000000010'),
('T000000035','Ahmed','Angalich','7175288996','ahmed.angalich@angalich.com','A000000044'),
('T000000036','Iluminada','Ohms','4802932882','iluminada.ohms@yahoo.com','A000000057'),
('T000000037','Joanna','Leinenbach','5614704574','joanna_leinenbach@hotmail.com','A000000034'),
('T000000038','Caprice','Suell','6152461824','caprice@aol.com','A000000046'),
('T000000039','Stephane','Myricks','8597177638','stephane_myricks@cox.net','A000000036'),
('T000000040','Quentin','Swayze','7345616170','quentin_swayze@yahoo.com','A000000026'),
('T000000041','Annmarie','Castros','9367517961','annmarie_castros@gmail.com','A000000033'),
('T000000042','Shonda','Greenbush','9734822430','shonda_greenbush@cox.net','A000000010'),
('T000000043','Cecil','Lapage','2016933967','clapage@lapage.com','A000000007'),
('T000000044','Jeanice','Claucherty','3059884162','jeanice.claucherty@yahoo.com','A000000009'),
('T000000045','Josphine','Villanueva','9315539774','josphine_villanueva@villanueva.com','A000000008'),
('T000000046','Daniel','Perruzza','7147713880','dperruzza@perruzza.com','A000000057'),
('T000000047','Cassi','Wildfong','8476333216','cassi.wildfong@aol.com','A000000060'),
('T000000048','Britt','Galam','2158883304','britt@galam.org','A000000006'),
('T000000049','Adell','Lipkin','9736541561','adell.lipkin@lipkin.com','A000000012'),
('T000000050','Jacqueline','Rowling','8148658113','jacqueline.rowling@yahoo.com','A000000013'),
('T000000051','Lonny','Weglarz','8012939853','lonny_weglarz@gmail.com','A000000049'),
('T000000052','Lonna','Diestel','9109223672','lonna_diestel@gmail.com','A000000033'),
('T000000053','Cristal','Samara','2139758026','cristal@cox.net','A000000034'),
('T000000054','Kenneth','Grenet','5174992322','kenneth.grenet@grenet.org','A000000057'),
('T000000055','Elli','Mclaird','3158182638','emclaird@mclaird.com','A000000034'),
('T000000056','Alline','Jeanty','5746562800','ajeanty@gmail.com','A000000008'),
('T000000057','Sharika','Eanes','4073121691','sharika.eanes@aol.com','A000000006'),
('T000000058','Nu','Mcnease','9737519003','nu@gmail.com','A000000012'),
('T000000059','Daniela','Comnick','6092008577','dcomnick@cox.net','A000000013'),
('T000000060','Cecilia','Colaizzo','6083824541','cecilia_colaizzo@colaizzo.com','A000000044'),
('T000000061','Leslie','Threets','9148619748','leslie@cox.net','A000000046'),
('T000000062','Nan','Koppinger','3363705333','nan@koppinger.com','A000000010'),
('T000000063','Izetta','Dewar','4104731708','idewar@dewar.com','A000000007'),
('T000000064','Tegan','Arceo','7327302692','tegan.arceo@arceo.org','A000000009'),
('T000000065','Ruthann','Keener','8302582769','ruthann@hotmail.com','A000000026'),
('T000000066','Joni','Breland','8475195906','joni_breland@cox.net','A000000060'),
('T000000067','Vi','Rentfro','7326054781','vrentfro@cox.net','A000000036'),
('T000000068','Colette','Kardas','4028965943','colette.kardas@yahoo.com','A000000057'),
('T000000069','Malcolm','Tromblay','7032215602','malcolm_tromblay@cox.net','A000000034'),
('T000000070','Ryan','Harnos','9725581665','ryan@cox.net','A000000058'),
('T000000071','Jess','Chaffins','2125104633','jess.chaffins@chaffins.org','A000000017'),
('T000000072','Sharen','Bourbon','5168161541','sbourbon@yahoo.com','A000000055'),
('T000000073','Nickolas','Juvera','3525988301','nickolas_juvera@cox.net','A000000034'),
('T000000074','Gary','Nunlee','3175426023','gary_nunlee@nunlee.org','A000000043'),
('T000000075','Diane','Devreese','8165579673','diane@cox.net','A000000008'),
('T000000076','Roslyn','Chavous','6012349632','roslyn.chavous@chavous.org','A000000060'),
('T000000077','Glory','Schieler','3258692649','glory@yahoo.com','A000000060'),
('T000000078','Rasheeda','Sayaphon','4088054309','rasheeda@aol.com','A000000010'),
('T000000079','Alpha','Palaia','8563122629','alpha@yahoo.com','A000000055'),
('T000000080','Refugia','Jacobos','5109748671','refugia.jacobos@jacobos.com','A000000043'),
('T000000081','Shawnda','Yori','4075385106','shawnda.yori@yahoo.com','A000000043'),
('T000000082','Mona','Delasancha','3074031488','mdelasancha@hotmail.com','A000000044'),
('T000000083','Gilma','Liukko','5163939967','gilma_liukko@gmail.com','A000000032'),
('T000000084','Janey','Gabisi','6089677194','jgabisi@hotmail.com','A000000036'),
('T000000085','Lili','Paskin','2014312989','lili.paskin@cox.net','A000000060'),
('T000000086','Loren','Asar','5706483035','loren.asar@aol.com','A000000057'),
('T000000087','Dorothy','Chesterfield','8586177834','dorothy@cox.net','A000000057'),
('T000000088','Gail','Similton','7606165388','gail_similton@similton.com','A000000044'),
('T000000089','Catalina','Tillotson','6093733332','catalina@hotmail.com','A000000017'),
('T000000090','Lawrence','Lorens','4014656432','lawrence.lorens@hotmail.com','A000000048'),
('T000000091','Carlee','Boulter','7853471805','carlee.boulter@hotmail.com','A000000049'),
('T000000092','Thaddeus','Ankeny','9169203571','tankeny@ankeny.org','A000000053'),
('T000000093','Jovita','Oles','3862484118','joles@gmail.com','A000000054'),
('T000000094','Alesia','Hixenbaugh','2026467516','alesia_hixenbaugh@hixenbaugh.org','A000000008'),
('T000000095','Lai','Harabedian','4154233294','lai@gmail.com','A000000026'),
('T000000096','Brittni','Gillaspie','2087091235','bgillaspie@gillaspie.com','A000000017'),
('T000000097','Raylene','Kampa','5744991454','rkampa@kampa.org','A000000043'),
('T000000098','Flo','Bookamer','3087262182','flo.bookamer@cox.net','A000000043'),
('T000000099','Jani','Biddy','2067116498','jbiddy@yahoo.com','A000000043'),
('T000000100','Chauncey','Motley','4074134842','chauncey_motley@aol.com','A000000026');

--Inserting data into Contain Table
INSERT INTO [TAR.Contain] VALUES
('U000000001','M000000001'),
('U000000001','M000000004'),
('U000000001','M000000008'),
('U000000002','M000000025'),
('U000000002','M000000026'),
('U000000003','M000000003'),
('U000000003','M000000007'),
('U000000003','M000000009'),
('U000000004','M000000025'),
('U000000004','M000000026'),
('U000000005','M000000002'),
('U000000005','M000000015'),
('U000000006','M000000003'),
('U000000006','M000000007'),
('U000000006','M000000009'),
('U000000007','M000000002'),
('U000000007','M000000004'),
('U000000007','M000000006'),
('U000000008','M000000003'),
('U000000008','M000000007'),
('U000000008','M000000009'),
('U000000009','M000000003'),
('U000000009','M000000020'),
('U000000010','M000000005'),
('U000000010','M000000023'),
('U000000011','M000000001'),
('U000000011','M000000003'),
('U000000011','M000000005'),
('U000000012','M000000001'),
('U000000012','M000000003'),
('U000000012','M000000005'),
('U000000013','M000000002'),
('U000000013','M000000006'),
('U000000014','M000000025'),
('U000000014','M000000026'),
('U000000015','M000000003'),
('U000000015','M000000007'),
('U000000015','M000000009'),
('U000000016','M000000002'),
('U000000016','M000000004'),
('U000000016','M000000006'),
('U000000017','M000000002'),
('U000000017','M000000004'),
('U000000017','M000000006'),
('U000000018','M000000002'),
('U000000018','M000000004'),
('U000000018','M000000006'),
('U000000019','M000000011'),
('U000000019','M000000026'),
('U000000020','M000000025'),
('U000000020','M000000026'),
('U000000021','M000000001'),
('U000000021','M000000004'),
('U000000022','M000000001'),
('U000000022','M000000004'),
('U000000023','M000000025'),
('U000000023','M000000026'),
('U000000024','M000000003'),
('U000000024','M000000007'),
('U000000024','M000000009'),
('U000000025','M000000025'),
('U000000025','M000000026'),
('U000000026','M000000017'),
('U000000026','M000000022'),
('U000000027','M000000002'),
('U000000027','M000000004'),
('U000000027','M000000006'),
('U000000028','M000000001'),
('U000000028','M000000004'),
('U000000029','M000000001'),
('U000000029','M000000004'),
('U000000030','M000000010'),
('U000000030','M000000011'),
('U000000031','M000000001'),
('U000000031','M000000004'),
('U000000032','M000000001'),
('U000000032','M000000019'),
('U000000032','M000000022'),
('U000000033','M000000001'),
('U000000033','M000000003'),
('U000000033','M000000005'),
('U000000034','M000000004'),
('U000000034','M000000017'),
('U000000035','M000000001'),
('U000000035','M000000003'),
('U000000035','M000000005'),
('U000000036','M000000001'),
('U000000036','M000000019'),
('U000000036','M000000022'),
('U000000037','M000000002'),
('U000000037','M000000004'),
('U000000037','M000000006'),
('U000000038','M000000002'),
('U000000038','M000000004'),
('U000000038','M000000006'),
('U000000039','M000000002'),
('U000000039','M000000004'),
('U000000039','M000000006'),
('U000000040','M000000002'),
('U000000040','M000000004'),
('U000000040','M000000006'),
('U000000041','M000000011'),
('U000000041','M000000026'),
('U000000042','M000000002'),
('U000000042','M000000004'),
('U000000042','M000000006'),
('U000000043','M000000001'),
('U000000043','M000000019'),
('U000000043','M000000022'),
('U000000044','M000000001'),
('U000000044','M000000004'),
('U000000045','M000000001'),
('U000000045','M000000004'),
('U000000046','M000000002'),
('U000000046','M000000004'),
('U000000046','M000000006'),
('U000000047','M000000001'),
('U000000047','M000000004'),
('U000000048','M000000001'),
('U000000048','M000000004'),
('U000000049','M000000001'),
('U000000049','M000000004'),
('U000000050','M000000001'),
('U000000050','M000000019'),
('U000000050','M000000022'),
('U000000051','M000000001'),
('U000000051','M000000019'),
('U000000051','M000000022'),
('U000000052','M000000001'),
('U000000052','M000000019'),
('U000000052','M000000022'),
('U000000053','M000000002'),
('U000000053','M000000004'),
('U000000053','M000000006'),
('U000000054','M000000001'),
('U000000054','M000000003'),
('U000000054','M000000005'),
('U000000055','M000000001'),
('U000000055','M000000023'),
('U000000055','M000000026'),
('U000000056','M000000001'),
('U000000056','M000000023'),
('U000000056','M000000026'),
('U000000057','M000000002'),
('U000000057','M000000004'),
('U000000057','M000000006'),
('U000000058','M000000003'),
('U000000058','M000000007'),
('U000000058','M000000009'),
('U000000059','M000000001'),
('U000000059','M000000023'),
('U000000059','M000000026'),
('U000000060','M000000001'),
('U000000060','M000000004'),
('U000000060','M000000023'),
('U000000061','M000000001'),
('U000000061','M000000003'),
('U000000061','M000000005'),
('U000000062','M000000001'),
('U000000062','M000000023'),
('U000000062','M000000026'),
('U000000063','M000000001'),
('U000000063','M000000023'),
('U000000063','M000000026'),
('U000000064','M000000001'),
('U000000064','M000000019'),
('U000000064','M000000022'),
('U000000065','M000000003'),
('U000000065','M000000007'),
('U000000065','M000000009'),
('U000000066','M000000003'),
('U000000066','M000000007'),
('U000000066','M000000009'),
('U000000067','M000000001'),
('U000000067','M000000003'),
('U000000067','M000000005'),
('U000000068','M000000001'),
('U000000068','M000000023'),
('U000000068','M000000026'),
('U000000069','M000000001'),
('U000000069','M000000003'),
('U000000069','M000000005'),
('U000000070','M000000002'),
('U000000070','M000000004'),
('U000000070','M000000006'),
('U000000071','M000000004'),
('U000000071','M000000008'),
('U000000071','M000000011'),
('U000000072','M000000004'),
('U000000072','M000000008'),
('U000000072','M000000011'),
('U000000073','M000000004'),
('U000000073','M000000008'),
('U000000073','M000000011'),
('U000000074','M000000004'),
('U000000074','M000000008'),
('U000000074','M000000011'),
('U000000075','M000000004'),
('U000000075','M000000008'),
('U000000075','M000000011'),
('U000000076','M000000001'),
('U000000076','M000000019'),
('U000000076','M000000022'),
('U000000077','M000000001'),
('U000000077','M000000004'),
('U000000078','M000000001'),
('U000000078','M000000004'),
('U000000079','M000000001'),
('U000000079','M000000004'),
('U000000080','M000000001'),
('U000000080','M000000004'),
('U000000081','M000000001'),
('U000000081','M000000004'),
('U000000082','M000000001'),
('U000000082','M000000019'),
('U000000082','M000000022'),
('U000000083','M000000001'),
('U000000083','M000000023'),
('U000000083','M000000026'),
('U000000084','M000000004'),
('U000000084','M000000008'),
('U000000084','M000000011'),
('U000000085','M000000004'),
('U000000085','M000000008'),
('U000000085','M000000011'),
('U000000086','M000000004'),
('U000000086','M000000008'),
('U000000086','M000000011'),
('U000000087','M000000003'),
('U000000087','M000000007'),
('U000000087','M000000009'),
('U000000088','M000000003'),
('U000000088','M000000007'),
('U000000088','M000000009'),
('U000000089','M000000010'),
('U000000089','M000000011'),
('U000000090','M000000001'),
('U000000090','M000000004'),
('U000000091','M000000001'),
('U000000091','M000000004'),
('U000000092','M000000001'),
('U000000092','M000000004'),
('U000000093','M000000001'),
('U000000093','M000000004'),
('U000000094','M000000001'),
('U000000094','M000000019'),
('U000000094','M000000022'),
('U000000095','M000000004'),
('U000000095','M000000008'),
('U000000095','M000000011'),
('U000000096','M000000004'),
('U000000096','M000000008'),
('U000000096','M000000011'),
('U000000097','M000000004'),
('U000000097','M000000008'),
('U000000097','M000000011'),
('U000000098','M000000004'),
('U000000098','M000000008'),
('U000000098','M000000011'),
('U000000099','M000000001'),
('U000000099','M000000004'),
('U000000100','M000000001'),
('U000000100','M000000023'),
('U000000100','M000000026');

--Inserting data into Sign Table
INSERT INTO [TAR.Sign] VALUES
('L000000001','U000000019','A000000010','T000000001','2018-01-13','2019-07-11'),
('L000000002','U000000020','A000000034','T000000002','2018-05-31','2019-08-22'),
('L000000003','U000000021','A000000054','T000000003','2017-12-23','2019-09-10'),
('L000000004','U000000022','A000000036','T000000004','2018-09-20','2019-01-04'),
('L000000005','U000000023','A000000046','T000000005','2017-12-18','2019-04-23'),
('L000000006','U000000024','A000000046','T000000006','2018-02-03','2019-03-29'),
('L000000007','U000000025','A000000044','T000000007','2018-03-15','2019-08-07'),
('L000000008','U000000026','A000000044','T000000008','2018-02-21','2019-02-21'),
('L000000009','U000000027','A000000044','T000000009','2018-07-28','2018-11-14'),
('L000000010','U000000010','A000000044','T000000010','2017-12-04','2019-04-16'),
('L000000011','U000000011','A000000060','T000000011','2018-02-03','2019-10-18'),
('L000000012','U000000012','A000000034','T000000012','2017-12-19','2019-11-08'),
('L000000013','U000000013','A000000034','T000000013','2018-08-24','2019-10-19'),
('L000000014','U000000014','A000000054','T000000014','2018-10-10','2019-07-10'),
('L000000015','U000000015','A000000010','T000000015','2018-08-09','2019-09-15'),
('L000000016','U000000016','A000000049','T000000016','2017-12-07','2018-12-04'),
('L000000017','U000000017','A000000049','T000000017','2018-03-23','2019-03-07'),
('L000000018','U000000018','A000000060','T000000018','2017-12-20','2019-06-21'),
('L000000019','U000000001','A000000046','T000000019','2018-06-07','2019-06-14'),
('L000000020','U000000002','A000000036','T000000020','2017-12-10','2018-06-09'),
('L000000021','U000000003','A000000014','T000000021','2018-03-24','2019-10-05'),
('L000000022','U000000004','A000000055','T000000022','2018-01-10','2018-12-11'),
('L000000023','U000000005','A000000034','T000000023','2018-04-18','2019-08-12'),
('L000000024','U000000006','A000000034','T000000024','2018-06-04','2019-08-13'),
('L000000025','U000000007','A000000049','T000000025','2018-09-11','2018-12-20'),
('L000000026','U000000008','A000000058','T000000026','2019-01-31','2020-10-18'),
('L000000027','U000000009','A000000046','T000000027','2019-09-02','2020-08-25'),
('L000000028','U000000010','A000000024','T000000028','2019-07-24','2020-03-16'),
('L000000029','U000000028','A000000025','T000000029','2018-12-05','2020-04-09'),
('L000000030','U000000029','A000000028','T000000030','2018-12-15','2020-08-13'),
('L000000031','U000000009','A000000044','T000000009','2019-01-13','2020-05-19'),
('L000000032','U000000030','A000000014','T000000032','2019-08-13','2020-05-11'),
('L000000033','U000000051','A000000033','T000000033','2019-10-26','2020-09-30'),
('L000000034','U000000052','A000000010','T000000034','2019-10-24','2020-03-11'),
('L000000035','U000000053','A000000044','T000000035','2019-10-28','2020-09-20'),
('L000000036','U000000054','A000000057','T000000036','2019-04-13','2020-09-01'),
('L000000037','U000000055','A000000034','T000000037','2019-07-18','2020-10-10'),
('L000000038','U000000056','A000000046','T000000038','2018-12-27','2020-10-27'),
('L000000039','U000000057','A000000036','T000000039','2019-06-18','2020-08-02'),
('L000000040','U000000058','A000000049','T000000016','2019-01-29','2020-05-25'),
('L000000041','U000000059','A000000033','T000000041','2019-10-14','2019-11-13'),
('L000000042','U000000031','A000000010','T000000042','2018-11-30','2020-01-12'),
('L000000043','U000000032','A000000007','T000000043','2019-07-29','2020-10-27'),
('L000000044','U000000033','A000000009','T000000044','2019-06-11','2019-11-30'),
('L000000045','U000000034','A000000036','T000000020','2019-04-09','2020-07-20'),
('L000000046','U000000035','A000000057','T000000046','2019-03-18','2020-04-07'),
('L000000047','U000000036','A000000060','T000000047','2019-11-08','2020-01-22'),
('L000000048','U000000037','A000000006','T000000048','2019-05-04','2020-10-14'),
('L000000049','U000000038','A000000012','T000000049','2018-03-19','2020-10-10');